{
  "simulation_1": {
    "entropy": 4.009648465702826,
    "max_entropy": 4.807354922057604,
    "normalized_entropy": 0.8340654124174068,
    "emotion_distribution": {
      "admiration": 0.08026703441358993,
      "amusement": 0.04536764244969598,
      "anger": 0.030715225976305396,
      "annoyance": 0.04847050711464928,
      "approval": 0.057779101109509186,
      "caring": 0.02154767128439792,
      "confusion": 0.02621763931548925,
      "curiosity": 0.04267222465993857,
      "desire": 0.012552497962765623,
      "disappointment": 0.02480724628596502,
      "disapproval": 0.040446937880022564,
      "disgust": 0.01587475709897825,
      "embarrassment": 0.005876637623017615,
      "excitement": 0.01648592741177208,
      "fear": 0.011972669717294552,
      "gratitude": 0.05284272550617439,
      "grief": 0.0015044192314925093,
      "joy": 0.027972795085563842,
      "love": 0.040368582711715666,
      "nervousness": 0.0032595750015671035,
      "optimism": 0.030965962514887483,
      "pride": 0.0022252867799160032,
      "realization": 0.02165736852002758,
      "relief": 0.0028521281263712154,
      "remorse": 0.010483921519463424,
      "sadness": 0.025465429699742994,
      "surprise": 0.020842474769635806,
      "neutral": 0.27850561023005077
    },
    "state_distribution": {
      "STABLE": 0.6571804676236445,
      "ENGAGED": 0.09772456591236758,
      "ELEVATED": 0.14907854322071085,
      "HIGH": 0.08404375352598258,
      "CRISIS": 0.011972669717294552
    },
    "state_entropy": 1.511940309489736
  },
  "simulation_2": {
    "js_matrix": [
      [
        0.0,
        0.4337378479558396,
        0.5070316877490086,
        0.545695646484664,
        0.5462485576498111
      ],
      [
        0.4337378479558396,
        0.0,
        0.492660913304967,
        0.5519011616136039,
        0.5441370543966644
      ],
      [
        0.5070316877490086,
        0.492660913304967,
        0.0,
        0.42323292964766257,
        0.505979071405604
      ],
      [
        0.545695646484664,
        0.5519011616136039,
        0.42323292964766257,
        0.0,
        0.49398958774432783
      ],
      [
        0.5462485576498111,
        0.5441370543966644,
        0.505979071405604,
        0.49398958774432783,
        0.0
      ]
    ],
    "state_distributions": {
      "STABLE": [
        0.12233753461528507,
        0.06674603380004658,
        0.0,
        0.0,
        0.08646704107249152,
        0.03105670436605502,
        0.0,
        0.0,
        0.0,
        0.0,
        0.0,
        0.0,
        0.0,
        0.02417246823157949,
        0.0,
        0.0808250731126582,
        0.0,
        0.043220580242759904,
        0.061492274644788944,
        0.0,
        0.04278061026424079,
        0.003545640415124615,
        0.0,
        0.004244416263360853,
        0.0,
        0.0,
        0.0,
        0.433111622971609
      ],
      "ENGAGED": [
        0.032428466617754954,
        0.01760821716801174,
        0.0,
        0.0,
        0.025091709464416728,
        0.007043286867204695,
        0.0,
        0.33484959647835655,
        0.10829053558327219,
        0.0,
        0.0,
        0.0,
        0.0,
        0.013793103448275862,
        0.0,
        0.016287600880410858,
        0.0,
        0.008657373440939104,
        0.012912692589875275,
        0.0,
        0.022450476889214966,
        0.0001467351430667645,
        0.17534849596478358,
        0.000586940572267058,
        0.0,
        0.0,
        0.1801907556859868,
        0.04431401320616288
      ],
      "ELEVATED": [
        0.010290263081254247,
        0.012328900106785749,
        0.0,
        0.2524026793515193,
        0.011358120570818368,
        0.0050480535870303855,
        0.1589166100378604,
        0.03465682943403553,
        0.003106494515095622,
        0.1298903019124357,
        0.23764683040481507,
        0.0,
        0.03242403650131055,
        0.0017474031647412873,
        0.0,
        0.007863314241335793,
        0.0,
        0.002718182700708669,
        0.005921755169401029,
        0.01446461508591399,
        0.008737015823706435,
        0.00029123386079021456,
        0.012717211921172701,
        0.00106785748956412,
        0.0,
        0.0,
        0.006018833122997767,
        0.05038345791670711
      ],
      "HIGH": [
        0.007095217823187172,
        0.009223783170143324,
        0.2774230168866184,
        0.06783028238966936,
        0.006669504753795941,
        0.009649496239534554,
        0.0038314176245210726,
        0.01035901802185327,
        0.004257130693912303,
        0.03348942812544345,
        0.018305661983822902,
        0.1414786433943522,
        0.005250461189158507,
        0.0007095217823187171,
        0.0,
        0.007804739605505889,
        0.01362281822051937,
        0.0034057045551298426,
        0.006385696040868455,
        0.002270469703419895,
        0.010075209308925784,
        0.00014190435646374344,
        0.006953313466723428,
        0.0004257130693912303,
        0.09465020576131687,
        0.22789839648077195,
        0.003973321980984816,
        0.02681992337164751
      ],
      "CRISIS": [
        0.01782178217821782,
        0.0039603960396039604,
        0.0049504950495049506,
        0.01485148514851485,
        0.01089108910891089,
        0.006930693069306931,
        0.00891089108910891,
        0.01089108910891089,
        0.0009900990099009901,
        0.00891089108910891,
        0.0039603960396039604,
        0.015841584158415842,
        0.0039603960396039604,
        0.0009900990099009901,
        0.7564356435643564,
        0.0019801980198019802,
        0.0,
        0.0039603960396039604,
        0.005940594059405941,
        0.04257425742574258,
        0.00891089108910891,
        0.0,
        0.006930693069306931,
        0.0,
        0.0019801980198019802,
        0.01881188118811881,
        0.011881188118811881,
        0.026732673267326732
      ]
    }
  },
  "simulation_3": {
    "mutual_information": 2.438718371980185,
    "top_pairs": [
      [
        "anger",
        "annoyance",
        348
      ],
      [
        "admiration",
        "gratitude",
        341
      ],
      [
        "admiration",
        "approval",
        298
      ],
      [
        "approval",
        "neutral",
        258
      ],
      [
        "confusion",
        "curiosity",
        253
      ],
      [
        "admiration",
        "love",
        236
      ],
      [
        "annoyance",
        "disapproval",
        222
      ],
      [
        "annoyance",
        "neutral",
        177
      ],
      [
        "disappointment",
        "sadness",
        163
      ],
      [
        "curiosity",
        "neutral",
        162
      ],
      [
        "admiration",
        "joy",
        155
      ],
      [
        "annoyance",
        "disappointment",
        140
      ],
      [
        "admiration",
        "optimism",
        134
      ],
      [
        "disapproval",
        "neutral",
        134
      ],
      [
        "approval",
        "optimism",
        123
      ],
      [
        "confusion",
        "neutral",
        119
      ],
      [
        "admiration",
        "neutral",
        117
      ],
      [
        "amusement",
        "joy",
        110
      ],
      [
        "excitement",
        "joy",
        108
      ],
      [
        "caring",
        "optimism",
        106
      ]
    ]
  },
  "simulation_4": {
    "mean_lyapunov": 0.025146422799170374,
    "std_lyapunov": 0.054946249720133844,
    "n_stable": 3,
    "n_unstable": 47
  },
  "simulation_5": {
    "state_distribution": {
      "STABLE": 35075,
      "ELEVATED": 8026,
      "ENGAGED": 5284,
      "HIGH": 5114,
      "CRISIS": 764
    },
    "intervention_counts": {
      "breathing": 8026,
      "safety_check": 5114,
      "crisis_protocol": 764
    }
  },
  "simulation_6": {
    "pattern_counts": {
      "hot_cold_cycle": 231,